,year,month,day,t_max,t_min,wind,rain
0,2017.0,7.0,1.0,26.0,15.0,6.1,14.0
1,2017.0,7.0,2.0,25.0,15.0,6.9,0.0
2,2017.0,7.0,3.0,25.0,16.0,6.7,0.0
3,2017.0,7.0,4.0,27.0,12.0,5.3,0.0
4,2017.0,7.0,5.0,30.0,17.0,4.2,0.0
5,2017.0,7.0,6.0,30.0,17.0,5.6,0.0
6,2017.0,7.0,7.0,28.0,17.0,4.7,0.0
7,2017.0,7.0,8.0,32.0,16.0,6.7,0.0
8,2017.0,7.0,9.0,30.0,18.0,2.2,0.0
9,2017.0,7.0,10.0,36.0,20.0,6.4,21.0
10,2017.0,7.0,11.0,31.48,22.16,3.7,0.4
11,2017.0,7.0,12.0,32.14,19.55,2.2,1.5
12,2017.0,7.0,13.0,24.78,17.3,7.0,1.0
13,2017.0,7.0,14.0,24.71,14.39,1.6,0.0
14,2017.0,7.0,15.0,24.83,15.19,5.2,2.4
15,2017.0,7.0,16.0,25.43,14.36,3.4,0.0
16,2017.0,7.0,17.0,29.02,16.6,1.5,0.0
17,2017.0,7.0,18.0,31.16,19.56,1.3,0.0
18,2017.0,7.0,19.0,33.04,17.75,2.3,0.0
19,2017.0,7.0,20.0,34.84,18.64,1.6,0.0
20,2017.0,7.0,21.0,33.28,22.94,4.0,0.0
21,2017.0,7.0,22.0,34.21,21.52,1.9,5.0
22,2017.0,7.0,23.0,33.89,21.58,2.5,0.6
23,2017.0,7.0,24.0,30.87,21.92,3.1,8.3
24,2017.0,7.0,25.0,22.1,15.1,8.4,12.9
25,2017.0,7.0,26.0,20.7,13.2,5.9,0.0
26,2017.0,7.0,27.0,20.7,12.8,7.1,1.0
27,2017.0,7.0,28.0,23.1,15.9,6.8,0.2
28,2017.0,7.0,29.0,26.4,16.0,3.3,0.0
29,2017.0,7.0,30.0,27.9,16.4,4.7,0.0
30,2017.0,7.0,31.0,30.0,18.3,3.8,0.0
31,2017.0,8.0,1.0,31.7,20.8,3.9,0.0
32,2017.0,8.0,2.0,34.7,23.4,5.5,0.0
33,2017.0,8.0,3.0,34.6,20.5,2.1,0.0
34,2017.0,8.0,4.0,36.8,22.6,2.1,2.8
35,2017.0,8.0,5.0,33.8,24.9,6.6,0.0
36,2017.0,8.0,6.0,32.7,23.1,7.9,0.4
37,2017.0,8.0,7.0,23.7,16.6,4.8,4.2
38,2017.0,8.0,8.0,29.2,13.7,3.0,0.0
39,2017.0,8.0,9.0,29.3,18.2,4.6,0.0
40,2017.0,8.0,10.0,36.1,22.9,5.3,0.0
41,2017.0,8.0,11.0,34.3,22.4,6.0,0.0
42,2017.0,8.0,12.0,23.5,19.9,8.6,0.5
43,2017.0,8.0,13.0,26.4,17.1,8.1,0.0
44,2017.0,8.0,14.0,25.2,12.7,3.4,0.0
45,2017.0,8.0,15.0,27.4,14.9,3.2,0.0
46,2017.0,8.0,16.0,28.0,14.6,2.8,0.0
47,2017.0,8.0,17.0,30.8,16.3,2.4,0.0
48,2017.0,8.0,18.0,32.9,18.0,3.8,0.0
49,2017.0,8.0,19.0,32.7,20.5,7.9,0.3
50,2017.0,8.0,20.0,20.9,14.7,7.2,7.8
51,2017.0,8.0,21.0,23.4,13.1,6.1,0.0
52,2017.0,8.0,22.0,22.5,10.7,2.7,0.0
53,2017.0,8.0,23.0,23.7,10.8,3.5,0.0
54,2017.0,8.0,24.0,26.3,9.1,2.9,0.1
55,2017.0,8.0,25.0,29.5,14.1,2.2,0.0
56,2017.0,8.0,26.0,30.2,16.4,2.6,0.0
57,2017.0,8.0,27.0,32.2,18.3,4.4,0.0
58,2017.0,8.0,28.0,25.3,17.0,3.7,0.0
59,2017.0,8.0,29.0,25.7,14.7,3.0,0.0
60,2017.0,8.0,30.0,28.0,12.1,3.5,0.0
61,2017.0,8.0,31.0,28.5,12.8,3.9,0.0
62,2017.0,9.0,1.0,31.0,15.8,3.8,2.9
63,2017.0,9.0,2.0,22.2,16.0,4.8,10.9
64,2017.0,9.0,3.0,20.2,15.1,4.8,2.2
65,2017.0,9.0,4.0,18.9,12.1,6.7,1.9
66,2017.0,9.0,5.0,21.6,9.6,5.9,0.0
67,2017.0,9.0,6.0,22.2,10.4,6.7,2.1
68,2017.0,9.0,7.0,19.5,12.6,7.4,0.0
69,2017.0,9.0,8.0,21.4,8.7,3.0,0.0
70,2017.0,9.0,9.0,24.5,11.3,4.4,1.0
71,2017.0,9.0,10.0,26.0,13.8,5.4,0.0
72,2017.0,9.0,11.0,26.1,18.6,4.5,3.4
73,2017.0,9.0,12.0,20.1,14.3,6.6,1.8
74,2017.0,9.0,13.0,22.0,12.6,6.6,0.0
75,2017.0,9.0,14.0,22.7,12.6,9.8,0.8
76,2017.0,9.0,15.0,17.3,12.2,8.2,0.5
77,2017.0,9.0,16.0,19.1,13.0,3.6,1.8
78,2017.0,9.0,17.0,16.6,9.4,8.2,11.6
79,2017.0,9.0,18.0,17.3,10.3,3.4,0.8
80,2017.0,9.0,19.0,14.8,11.3,5.3,9.9
81,2017.0,9.0,20.0,16.3,12.5,2.7,15.0
82,2017.0,9.0,21.0,13.8,12.2,7.5,5.4
83,2017.0,9.0,22.0,17.0,10.5,7.0,0.4
84,2017.0,9.0,23.0,13.0,10.4,7.7,16.9
85,2017.0,9.0,24.0,16.7,9.2,5.8,0.2
86,2017.0,9.0,25.0,16.9,10.9,3.6,0.9
87,2017.0,9.0,26.0,20.9,7.8,4.1,0.0
88,2017.0,9.0,27.0,16.7,12.1,4.5,0.0
89,2017.0,9.0,28.0,16.6,8.0,3.8,0.0
90,2017.0,9.0,29.0,16.8,5.5,2.1,0.0
91,2017.0,9.0,30.0,16.9,4.3,2.1,0.0
92,2017.0,10.0,1.0,16.2,4.7,2.4,0.0
93,2017.0,10.0,2.0,17.0,3.1,5.3,0.0
94,2017.0,10.0,3.0,15.6,4.9,4.3,6.1
95,2017.0,10.0,4.0,16.1,10.1,6.9,0.0
96,2017.0,10.0,5.0,19.6,10.5,9.9,0.0
97,2017.0,10.0,6.0,14.9,10.5,7.7,0.0
98,2017.0,10.0,7.0,14.8,8.3,6.4,0.0
99,2017.0,10.0,8.0,14.8,6.8,7.6,0.1
100,2017.0,10.0,9.0,13.6,9.1,5.4,0.1
101,2017.0,10.0,10.0,16.0,8.2,4.5,0.2
102,2017.0,10.0,11.0,17.8,10.6,4.5,0.4
103,2017.0,10.0,12.0,20.3,8.2,5.0,0.0
104,2017.0,10.0,13.0,17.6,11.0,5.4,0.0
105,2017.0,10.0,14.0,18.4,9.0,3.1,0.0
106,2017.0,10.0,15.0,20.5,9.0,2.8,0.0
107,2017.0,10.0,16.0,21.0,9.7,2.0,0.0
108,2017.0,10.0,17.0,21.4,9.6,2.9,0.0
109,2017.0,10.0,18.0,20.5,10.8,3.0,0.0
110,2017.0,10.0,19.0,18.8,8.0,2.0,0.0
111,2017.0,10.0,20.0,19.4,7.7,2.3,0.0
112,2017.0,10.0,21.0,16.9,7.7,2.0,0.0
113,2017.0,10.0,22.0,16.4,8.6,4.8,5.8
114,2017.0,10.0,23.0,10.6,9.3,7.3,44.8
115,2017.0,10.0,24.0,13.1,5.0,6.8,0.0
116,2017.0,10.0,25.0,12.2,2.8,3.6,0.2
117,2017.0,10.0,26.0,15.3,6.1,3.8,0.0
118,2017.0,10.0,27.0,14.6,8.8,8.4,1.3
119,2017.0,10.0,28.0,10.0,6.1,8.1,0.2
120,2017.0,10.0,29.0,10.2,5.4,14.4,8.5
121,2017.0,10.0,30.0,8.0,4.2,9.1,0.1
122,2017.0,10.0,31.0,8.4,2.9,6.1,0.0
123,2017.0,11.0,1.0,10.0,0.5,4.1,0.0
124,2017.0,11.0,2.0,11.6,3.2,5.0,0.0
125,2017.0,11.0,3.0,11.4,3.9,5.6,0.1
126,2017.0,11.0,4.0,11.4,1.3,3.4,0.0
127,2017.0,11.0,5.0,11.7,4.9,4.5,0.7
128,2017.0,11.0,6.0,12.7,5.8,5.6,0.1
129,2017.0,11.0,7.0,11.2,2.9,5.0,1.9
130,2017.0,11.0,8.0,10.4,6.2,4.4,1.9
131,2017.0,11.0,9.0,9.8,7.0,3.2,2.1
132,2017.0,11.0,10.0,8.6,3.1,3.4,0.8
133,2017.0,11.0,11.0,10.5,4.6,4.7,0.3
134,2017.0,11.0,12.0,9.7,4.3,6.5,5.3
135,2017.0,11.0,13.0,9.1,5.1,6.3,13.8
136,2017.0,11.0,14.0,7.2,2.7,5.3,3.6
137,2017.0,11.0,15.0,5.8,-3.1,2.9,0.0
138,2017.0,11.0,16.0,6.4,0.7,2.2,0.0
139,2017.0,11.0,17.0,6.2,-0.1,2.6,0.1
140,2017.0,11.0,18.0,5.3,-0.0,4.7,5.0
141,2017.0,11.0,19.0,6.1,-0.1,4.5,0.7
142,2017.0,11.0,20.0,5.9,2.2,6.9,0.5
143,2017.0,11.0,21.0,7.8,1.5,7.6,2.0
144,2017.0,11.0,22.0,9.1,3.0,4.4,0.6
145,2017.0,11.0,23.0,8.4,-0.2,2.2,0.2
146,2017.0,11.0,24.0,7.8,2.4,2.4,0.2
147,2017.0,11.0,25.0,8.8,5.1,6.1,0.5
148,2017.0,11.0,26.0,6.3,2.3,7.7,8.7
149,2017.0,11.0,27.0,5.0,-0.3,6.6,0.0
150,2017.0,11.0,28.0,4.4,-3.0,3.4,0.0
151,2017.0,11.0,29.0,2.1,-2.0,5.3,3.2
152,2017.0,11.0,30.0,3.7,0.8,7.7,23.5
153,2017.0,12.0,1.0,3.1,-3.9,3.8,0.0
154,2017.0,12.0,2.0,-0.1,-5.9,2.8,0.1
155,2017.0,12.0,3.0,-1.3,-5.6,3.8,0.2
156,2017.0,12.0,4.0,1.5,-3.7,6.4,0.6
157,2017.0,12.0,5.0,2.8,-0.5,6.4,0.3
158,2017.0,12.0,6.0,3.3,-0.1,7.4,0.0
159,2017.0,12.0,7.0,4.7,-2.7,4.6,0.0
160,2017.0,12.0,8.0,7.6,-2.9,8.3,12.0
161,2017.0,12.0,9.0,2.5,0.1,8.4,1.0
162,2017.0,12.0,10.0,2.5,-2.8,9.1,1.2
163,2017.0,12.0,11.0,10.4,2.3,8.9,5.9
164,2017.0,12.0,12.0,13.7,10.0,8.7,3.8
165,2017.0,12.0,13.0,5.0,0.9,5.8,2.0
166,2017.0,12.0,14.0,5.5,-1.8,5.6,5.5
167,2017.0,12.0,15.0,8.7,3.0,7.0,27.6
168,2017.0,12.0,16.0,5.5,0.9,4.7,3.8
169,2017.0,12.0,17.0,3.0,-2.3,5.5,0.0
170,2017.0,12.0,18.0,0.6,-5.1,2.2,0.2
171,2017.0,12.0,19.0,-1.0,-5.6,2.1,0.2
172,2017.0,12.0,20.0,-2.4,-7.2,2.0,0.2
173,2017.0,12.0,21.0,-1.8,-8.8,3.6,0.6
174,2017.0,12.0,22.0,3.4,-1.8,5.7,0.0
175,2017.0,12.0,23.0,2.9,-1.1,7.5,0.2
176,2017.0,12.0,24.0,7.7,2.9,8.6,0.2
177,2017.0,12.0,25.0,6.2,-2.6,4.7,0.0
178,2017.0,12.0,26.0,8.2,-0.5,6.7,0.1
179,2017.0,12.0,27.0,8.0,1.8,7.2,0.0
180,2017.0,12.0,28.0,7.3,2.2,7.5,7.0
181,2017.0,12.0,29.0,2.4,-1.8,9.5,0.4
182,2017.0,12.0,30.0,2.0,-4.3,5.3,0.2
183,2017.0,12.0,31.0,4.4,-0.3,5.0,3.9
184,2018.0,1.0,1.0,7.0,1.6,5.0,0.3
185,2018.0,1.0,2.0,4.8,1.2,7.8,8.7
186,2018.0,1.0,3.0,4.1,-1.0,7.4,6.1
187,2018.0,1.0,4.0,7.7,2.8,6.2,0.3
188,2018.0,1.0,5.0,8.6,2.9,3.5,1.1
189,2018.0,1.0,6.0,12.5,6.4,4.7,0.4
190,2018.0,1.0,7.0,9.6,4.0,3.2,0.1
191,2018.0,1.0,8.0,8.3,5.7,4.0,0.3
192,2018.0,1.0,9.0,7.4,4.7,5.5,0.0
193,2018.0,1.0,10.0,5.4,3.7,6.3,1.3
194,2018.0,1.0,11.0,6.2,2.8,3.0,3.1
195,2018.0,1.0,12.0,4.6,2.6,3.9,4.0
196,2018.0,1.0,13.0,2.4,-0.7,7.6,2.6
197,2018.0,1.0,14.0,-0.6,-3.4,5.0,3.6
198,2018.0,1.0,15.0,-2.4,-5.2,2.9,0.9
199,2018.0,1.0,16.0,1.3,-3.7,5.4,2.7
200,2018.0,1.0,17.0,3.0,-4.7,8.4,0.0
201,2018.0,1.0,18.0,3.5,-1.0,7.3,0.3
202,2018.0,1.0,19.0,4.6,-0.3,7.1,1.2
203,2018.0,1.0,20.0,3.1,-4.1,3.8,0.1
204,2018.0,1.0,21.0,2.2,-2.2,9.4,6.2
205,2018.0,1.0,22.0,1.3,-3.4,7.1,0.0
206,2018.0,1.0,23.0,-0.7,-7.9,2.0,0.7
207,2018.0,1.0,24.0,-2.3,-12.5,2.8,0.3
208,2018.0,1.0,25.0,1.4,-5.9,4.6,1.4
209,2018.0,1.0,26.0,0.2,-5.1,3.8,0.0
210,2018.0,1.0,27.0,2.0,-4.3,3.0,0.1
211,2018.0,1.0,28.0,3.9,-2.8,3.7,0.1
212,2018.0,1.0,29.0,8.5,0.9,4.8,0.1
213,2018.0,1.0,30.0,6.6,-0.9,7.8,0.0
214,2018.0,1.0,31.0,4.7,-2.2,4.1,0.1
215,2018.0,2.0,1.0,8.3,3.8,7.4,6.9
216,2018.0,2.0,2.0,8.7,4.0,4.7,7.5
217,2018.0,2.0,3.0,2.4,0.2,7.6,13.5
218,2018.0,2.0,4.0,2.4,-1.9,6.9,0.0
219,2018.0,2.0,5.0,1.9,-4.4,1.7,0.1
220,2018.0,2.0,6.0,0.2,-2.0,4.2,1.6
221,2018.0,2.0,7.0,2.3,-3.3,5.7,3.6
222,2018.0,2.0,8.0,2.8,0.1,4.8,7.4
223,2018.0,2.0,9.0,1.4,-2.8,3.6,0.4
224,2018.0,2.0,10.0,1.1,-2.2,2.1,0.6
225,2018.0,2.0,11.0,1.8,-4.7,2.0,0.2
226,2018.0,2.0,12.0,3.3,-3.5,2.0,0.2
227,2018.0,2.0,13.0,2.6,-2.0,5.0,1.1
228,2018.0,2.0,14.0,1.7,-1.0,4.5,2.8
229,2018.0,2.0,15.0,2.1,-4.6,2.0,0.1
230,2018.0,2.0,16.0,2.4,-7.0,2.1,1.0
231,2018.0,2.0,17.0,2.0,-2.6,3.6,2.3
232,2018.0,2.0,18.0,3.3,-4.3,3.2,5.2
233,2018.0,2.0,19.0,1.0,-9.3,3.8,1.6
234,2018.0,2.0,20.0,0.9,-1.6,4.3,8.6
235,2018.0,2.0,21.0,1.7,-0.9,4.5,3.9
236,2018.0,2.0,22.0,0.4,-3.0,6.2,2.3
237,2018.0,2.0,23.0,2.0,-3.5,4.4,0.2
238,2018.0,2.0,24.0,-0.1,-9.3,6.2,1.4
239,2018.0,2.0,25.0,-6.6,-11.9,5.7,0.0
240,2018.0,2.0,26.0,-6.1,-11.3,6.9,0.8
241,2018.0,2.0,27.0,-7.2,-9.7,6.6,1.9
242,2018.0,2.0,28.0,-6.5,-13.1,3.9,0.2
243,2018.0,3.0,1.0,-7.4,-12.9,4.3,0.7
244,2018.0,3.0,2.0,-6.3,-9.9,4.7,2.5
245,2018.0,3.0,3.0,-4.4,-13.5,3.5,0.1
246,2018.0,3.0,4.0,-3.6,-16.6,4.0,0.1
247,2018.0,3.0,5.0,-2.4,-17.4,4.0,0.4
248,2018.0,3.0,6.0,1.8,-2.0,4.7,6.3
249,2018.0,3.0,7.0,6.0,-2.6,2.9,0.2
250,2018.0,3.0,8.0,6.4,-2.8,3.8,1.8
251,2018.0,3.0,9.0,9.3,-2.0,3.5,0.0
252,2018.0,3.0,10.0,9.7,1.3,5.2,0.5
253,2018.0,3.0,11.0,12.3,4.9,5.6,3.6
254,2018.0,3.0,12.0,13.4,9.4,7.2,7.3
255,2018.0,3.0,13.0,12.6,6.1,5.9,2.9
256,2018.0,3.0,14.0,10.9,5.3,7.0,0.2
257,2018.0,3.0,15.0,10.2,4.4,4.4,2.5
258,2018.0,3.0,16.0,9.9,6.2,6.0,18.6
259,2018.0,3.0,17.0,5.8,0.6,6.5,1.5
260,2018.0,3.0,18.0,-0.4,-4.7,10.4,13.4
261,2018.0,3.0,19.0,0.6,-6.5,3.6,1.1
262,2018.0,3.0,20.0,0.0,-4.1,5.5,1.6
263,2018.0,3.0,21.0,2.8,-3.5,5.4,0.7
264,2018.0,3.0,22.0,2.8,-7.8,2.2,0.0
265,2018.0,3.0,23.0,6.1,-6.1,2.1,0.0
266,2018.0,3.0,24.0,6.3,-3.5,3.8,0.0
267,2018.0,3.0,25.0,7.8,-3.6,5.7,0.0
268,2018.0,3.0,26.0,8.6,-2.1,2.6,0.0
269,2018.0,3.0,27.0,9.3,1.9,4.9,0.0
270,2018.0,3.0,28.0,10.6,-0.7,4.1,1.3
271,2018.0,3.0,29.0,11.1,3.2,4.8,1.8
272,2018.0,3.0,30.0,11.9,4.2,4.1,5.4
273,2018.0,3.0,31.0,14.2,7.4,7.1,5.1
274,2018.0,4.0,1.0,10.5,6.3,9.7,0.2
275,2018.0,4.0,2.0,11.2,5.2,9.5,0.1
276,2018.0,4.0,3.0,15.3,6.4,7.3,0.0
277,2018.0,4.0,4.0,17.2,9.1,7.0,0.0
278,2018.0,4.0,5.0,17.7,10.7,7.4,0.2
279,2018.0,4.0,6.0,14.7,9.0,7.8,0.0
280,2018.0,4.0,7.0,16.1,7.2,4.0,0.1
281,2018.0,4.0,8.0,18.8,8.2,8.0,0.0
282,2018.0,4.0,9.0,21.0,11.6,6.3,0.6
283,2018.0,4.0,10.0,17.4,10.7,6.8,0.0
284,2018.0,4.0,11.0,17.1,8.9,5.8,0.0
285,2018.0,4.0,12.0,22.1,11.0,4.8,0.0
286,2018.0,4.0,13.0,18.5,13.4,4.8,0.6
287,2018.0,4.0,14.0,21.2,10.5,3.0,0.0
288,2018.0,4.0,15.0,22.9,13.3,5.2,0.0
289,2018.0,4.0,16.0,19.0,15.1,5.2,2.3
290,2018.0,4.0,17.0,19.9,12.9,4.1,4.8
291,2018.0,4.0,18.0,20.1,14.5,4.3,3.5
292,2018.0,4.0,19.0,20.9,10.6,5.0,0.0
293,2018.0,4.0,20.0,19.8,10.6,3.4,0.0
294,2018.0,4.0,21.0,19.9,8.9,2.8,0.0
295,2018.0,4.0,22.0,22.8,10.0,2.5,0.0
296,2018.0,4.0,23.0,25.3,13.2,4.0,0.7
297,2018.0,4.0,24.0,22.6,14.5,5.3,2.1
298,2018.0,4.0,25.0,24.7,12.8,5.1,0.1
299,2018.0,4.0,26.0,22.5,13.9,7.0,1.2
300,2018.0,4.0,27.0,18.4,10.9,5.9,0.0
301,2018.0,4.0,28.0,24.7,10.8,4.6,2.3
302,2018.0,4.0,29.0,23.3,16.2,5.8,9.9
303,2018.0,4.0,30.0,23.8,16.0,5.1,7.7
304,2018.0,5.0,1.0,23.5,14.0,3.8,0.6
305,2018.0,5.0,2.0,24.6,15.0,3.9,8.4
306,2018.0,5.0,3.0,24.9,15.0,4.6,0.0
307,2018.0,5.0,4.0,26.6,15.0,4.4,1.2
308,2018.0,5.0,5.0,27.6,18.6,6.2,0.0
309,2018.0,5.0,6.0,23.5,17.3,6.3,0.0
310,2018.0,5.0,7.0,22.6,15.2,6.0,0.0
311,2018.0,5.0,8.0,20.7,13.0,4.7,0.4
312,2018.0,5.0,9.0,23.6,13.4,2.7,5.2
313,2018.0,5.0,10.0,24.5,16.4,4.3,3.3
314,2018.0,5.0,11.0,24.9,14.2,2.0,1.7
315,2018.0,5.0,12.0,23.2,16.4,3.6,0.0
316,2018.0,5.0,13.0,22.5,13.4,5.3,0.1
317,2018.0,5.0,14.0,20.0,13.7,5.7,0.0
318,2018.0,5.0,15.0,18.2,11.4,5.2,8.9
319,2018.0,5.0,16.0,17.7,9.4,6.5,0.8
320,2018.0,5.0,17.0,18.2,12.8,7.6,1.5
321,2018.0,5.0,18.0,22.4,14.1,7.1,1.8
322,2018.0,5.0,19.0,22.7,12.7,3.9,1.4
323,2018.0,5.0,20.0,21.9,11.3,4.9,0.0
324,2018.0,5.0,21.0,22.4,14.0,6.1,0.0
325,2018.0,5.0,22.0,21.2,13.6,4.8,0.6
326,2018.0,5.0,23.0,23.0,15.7,3.2,1.3
327,2018.0,5.0,24.0,25.9,16.4,5.7,0.0
328,2018.0,5.0,25.0,23.1,18.1,4.8,0.0
329,2018.0,5.0,26.0,26.2,16.2,2.0,0.0
330,2018.0,5.0,27.0,25.0,17.2,2.1,4.3
331,2018.0,5.0,28.0,26.6,17.3,3.3,0.0
332,2018.0,5.0,29.0,23.8,18.2,5.2,0.4
333,2018.0,5.0,30.0,25.4,16.2,5.4,0.0
334,2018.0,5.0,31.0,27.3,17.0,3.5,0.0
335,2018.0,6.0,1.0,28.4,18.1,2.5,0.0
336,2018.0,6.0,2.0,26.9,18.5,4.0,0.0
337,2018.0,6.0,3.0,27.2,20.0,5.8,0.0
338,2018.0,6.0,4.0,26.4,17.3,2.9,2.4
339,2018.0,6.0,5.0,26.4,17.9,2.1,6.5
340,2018.0,6.0,6.0,21.7,17.3,6.0,18.7
341,2018.0,6.0,7.0,23.4,16.2,5.2,0.9
342,2018.0,6.0,8.0,24.6,17.6,3.0,26.1
343,2018.0,6.0,9.0,23.6,17.7,3.1,31.0
344,2018.0,6.0,10.0,27.8,19.1,2.4,0.0
345,2018.0,6.0,11.0,28.5,21.5,3.4,0.0
346,2018.0,6.0,12.0,27.7,19.2,4.5,9.0
347,2018.0,6.0,13.0,24.9,18.0,4.3,1.7
348,2018.0,6.0,14.0,20.6,17.0,4.5,10.8
349,2018.0,6.0,15.0,19.8,17.4,5.3,6.2
350,2018.0,6.0,16.0,24.1,18.2,5.9,0.0
351,2018.0,6.0,17.0,25.1,18.8,4.3,0.0
352,2018.0,6.0,18.0,25.4,18.2,5.1,0.3
353,2018.0,6.0,19.0,26.7,19.3,3.9,2.7
354,2018.0,6.0,20.0,27.5,20.4,2.5,0.0
355,2018.0,6.0,21.0,27.9,20.1,3.8,0.6
356,2018.0,6.0,22.0,19.0,13.7,7.6,6.3
357,2018.0,6.0,23.0,19.1,11.0,5.1,0.0
358,2018.0,6.0,24.0,18.5,10.4,5.4,0.0
359,2018.0,6.0,25.0,20.8,10.4,2.7,0.0
360,2018.0,6.0,26.0,21.9,11.6,3.0,0.3
361,2018.0,6.0,27.0,22.3,13.3,6.3,1.3
362,2018.0,6.0,28.0,21.9,15.8,6.5,11.9
363,2018.0,6.0,29.0,25.5,18.2,5.2,8.4
364,2018.0,6.0,30.0,20.8,14.1,7.7,0.0
365,2018.0,7.0,1.0,19.2,13.3,4.2,0.0
366,2018.0,7.0,2.0,21.0,9.6,3.6,0.0
367,2018.0,7.0,3.0,22.9,11.5,3.0,0.0
368,2018.0,7.0,4.0,26.2,12.0,2.5,0.0
369,2018.0,7.0,5.0,27.9,14.9,2.9,1.1
370,2018.0,7.0,6.0,27.8,17.0,3.5,6.3
371,2018.0,7.0,7.0,24.7,17.3,5.1,10.1
372,2018.0,7.0,8.0,23.6,15.1,4.8,0.0
373,2018.0,7.0,9.0,26.3,15.7,3.0,0.3
374,2018.0,7.0,10.0,25.4,16.1,2.0,0.7
375,2018.0,7.0,11.0,22.0,16.9,6.0,3.9
376,2018.0,7.0,12.0,23.8,13.6,4.9,3.0
377,2018.0,7.0,13.0,25.1,15.5,6.2,0.0
378,2018.0,7.0,14.0,25.1,16.7,5.5,0.0
379,2018.0,7.0,15.0,25.9,15.5,4.7,0.0
380,2018.0,7.0,16.0,26.2,15.4,4.7,0.0
381,2018.0,7.0,17.0,26.7,15.3,5.5,0.0
382,2018.0,7.0,18.0,22.8,19.0,10.9,1.3
383,2018.0,7.0,19.0,22.5,18.9,9.2,3.7
384,2018.0,7.0,20.0,25.3,18.3,4.8,3.0
385,2018.0,7.0,21.0,26.1,17.7,2.5,0.0
386,2018.0,7.0,22.0,25.8,17.8,3.1,21.4
387,2018.0,7.0,23.0,24.0,17.9,4.5,20.3
388,2018.0,7.0,24.0,27.9,17.4,4.7,0.0
389,2018.0,7.0,25.0,28.1,17.7,3.1,0.0
390,2018.0,7.0,26.0,27.1,17.9,2.1,1.6
391,2018.0,7.0,27.0,27.2,20.5,3.5,6.3
392,2018.0,7.0,28.0,28.3,19.3,2.9,2.5
393,2018.0,7.0,29.0,30.1,21.7,3.6,6.5
394,2018.0,7.0,30.0,28.4,21.5,3.9,0.9
395,2018.0,7.0,31.0,30.3,22.6,4.0,1.0
396,2018.0,8.0,1.0,30.4,22.2,4.4,0.0
397,2018.0,8.0,2.0,30.4,20.7,2.0,6.7
398,2018.0,8.0,3.0,29.2,20.6,4.6,0.0
399,2018.0,8.0,4.0,28.4,17.9,2.6,0.0
400,2018.0,8.0,5.0,30.2,17.9,2.7,0.0
401,2018.0,8.0,6.0,28.9,18.9,3.3,0.1
402,2018.0,8.0,7.0,29.1,18.2,3.4,0.0
403,2018.0,8.0,8.0,31.5,18.1,3.9,0.0
404,2018.0,8.0,9.0,32.4,20.0,4.7,0.0
405,2018.0,8.0,10.0,33.2,23.0,4.6,1.1
406,2018.0,8.0,11.0,27.6,18.7,5.1,1.0
407,2018.0,8.0,12.0,30.1,17.5,2.9,0.0
408,2018.0,8.0,13.0,32.4,18.0,4.8,0.0
409,2018.0,8.0,14.0,29.1,20.0,5.7,0.0
410,2018.0,8.0,15.0,27.2,20.2,5.6,0.0
411,2018.0,8.0,16.0,27.9,15.0,2.8,0.0
412,2018.0,8.0,17.0,29.3,17.5,3.4,0.0
413,2018.0,8.0,18.0,29.7,19.3,2.0,0.2
414,2018.0,8.0,19.0,31.3,18.7,4.0,0.0
415,2018.0,8.0,20.0,32.1,20.1,3.2,0.1
416,2018.0,8.0,21.0,32.3,21.0,2.5,0.0
417,2018.0,8.0,22.0,32.4,21.6,4.0,0.0
418,2018.0,8.0,23.0,31.2,21.6,3.9,0.9
419,2018.0,8.0,24.0,30.3,18.4,3.7,2.6
420,2018.0,8.0,25.0,24.0,18.3,6.8,0.2
421,2018.0,8.0,26.0,16.6,14.2,6.2,16.8
422,2018.0,8.0,27.0,21.2,8.9,2.5,0.0
423,2018.0,8.0,28.0,25.6,9.6,3.9,0.0
424,2018.0,8.0,29.0,26.4,12.1,3.5,0.0
425,2018.0,8.0,30.0,27.5,13.1,2.5,0.0
426,2018.0,8.0,31.0,27.4,17.2,3.4,0.9
427,2018.0,9.0,1.0,28.9,16.4,3.5,1.8
428,2018.0,9.0,2.0,27.4,17.6,4.4,2.7
429,2018.0,9.0,3.0,22.2,17.3,5.2,3.7
430,2018.0,9.0,4.0,18.4,16.4,2.4,20.5
431,2018.0,9.0,5.0,24.3,15.8,3.5,0.1
432,2018.0,9.0,6.0,22.3,14.6,2.1,0.2
433,2018.0,9.0,7.0,23.7,11.3,2.1,0.0
434,2018.0,9.0,8.0,24.4,14.9,4.2,0.0
435,2018.0,9.0,9.0,23.7,12.6,2.5,0.0
436,2018.0,9.0,10.0,23.8,11.9,2.7,0.0
437,2018.0,9.0,11.0,25.1,12.5,4.9,0.0
438,2018.0,9.0,12.0,26.7,13.0,2.1,0.0
439,2018.0,9.0,13.0,28.2,13.1,2.0,0.0
440,2018.0,9.0,14.0,26.0,16.2,2.1,0.0
441,2018.0,9.0,15.0,25.9,17.9,6.1,0.0
442,2018.0,9.0,16.0,22.0,13.5,3.4,0.0
443,2018.0,9.0,17.0,26.8,11.5,3.0,0.0
444,2018.0,9.0,18.0,25.4,10.9,2.3,0.0
445,2018.0,9.0,19.0,27.3,11.3,3.0,0.0
446,2018.0,9.0,20.0,28.0,12.0,2.1,0.0
447,2018.0,9.0,21.0,28.5,13.6,3.9,0.0
448,2018.0,9.0,22.0,17.5,12.2,9.5,0.3
449,2018.0,9.0,23.0,18.3,9.5,5.4,0.0
450,2018.0,9.0,24.0,18.9,10.6,10.1,3.1
451,2018.0,9.0,25.0,14.4,7.6,6.8,0.0
452,2018.0,9.0,26.0,14.1,3.9,4.0,0.0
453,2018.0,9.0,27.0,18.5,2.8,3.8,0.0
454,2018.0,9.0,28.0,18.1,4.6,3.1,0.0
455,2018.0,9.0,29.0,15.1,7.0,4.7,0.7
456,2018.0,9.0,30.0,15.7,4.0,4.4,0.0
457,2018.0,10.0,1.0,18.0,6.4,4.4,0.2
458,2018.0,10.0,2.0,14.3,6.8,6.3,0.8
459,2018.0,10.0,3.0,16.8,3.5,7.4,0.1
460,2018.0,10.0,4.0,15.7,5.7,4.3,0.0
461,2018.0,10.0,5.0,17.1,2.9,3.7,0.0
462,2018.0,10.0,6.0,20.3,4.0,5.1,0.0
463,2018.0,10.0,7.0,20.3,12.7,4.4,0.0
464,2018.0,10.0,8.0,19.6,11.9,2.6,0.4
465,2018.0,10.0,9.0,22.7,10.0,3.1,0.0
466,2018.0,10.0,10.0,23.1,9.2,2.7,0.0
467,2018.0,10.0,11.0,22.3,9.0,3.3,0.0
468,2018.0,10.0,12.0,21.0,8.6,2.9,0.0
469,2018.0,10.0,13.0,21.4,8.2,2.4,0.0
470,2018.0,10.0,14.0,19.5,8.3,4.3,0.0
471,2018.0,10.0,15.0,19.4,7.5,4.8,0.0
472,2018.0,10.0,16.0,18.8,8.5,4.9,0.0
473,2018.0,10.0,17.0,21.2,8.8,3.2,0.0
474,2018.0,10.0,18.0,21.1,9.4,2.0,0.0
475,2018.0,10.0,19.0,21.0,8.9,2.3,0.0
476,2018.0,10.0,20.0,19.6,7.2,5.2,0.0
477,2018.0,10.0,21.0,10.8,8.3,5.3,4.6
478,2018.0,10.0,22.0,15.0,7.7,3.5,0.3
479,2018.0,10.0,23.0,12.7,8.2,8.6,0.0
480,2018.0,10.0,24.0,12.8,6.8,12.6,1.4
481,2018.0,10.0,25.0,14.3,6.0,7.8,0.7
482,2018.0,10.0,26.0,14.1,7.1,5.1,0.0
483,2018.0,10.0,27.0,13.9,10.6,5.3,4.1
484,2018.0,10.0,28.0,20.7,11.4,7.3,6.9
485,2018.0,10.0,29.0,20.4,16.0,7.7,20.5
486,2018.0,10.0,30.0,18.1,10.8,7.7,4.7
487,2018.0,10.0,31.0,18.4,9.9,4.6,0.0
488,2018.0,11.0,1.0,20.8,8.8,4.7,0.0
489,2018.0,11.0,2.0,21.2,13.0,4.3,0.2
490,2018.0,11.0,3.0,19.6,11.3,2.7,0.0
491,2018.0,11.0,4.0,17.3,7.9,2.6,0.0
492,2018.0,11.0,5.0,17.2,6.6,4.2,0.0
493,2018.0,11.0,6.0,15.8,7.3,4.9,0.0
494,2018.0,11.0,7.0,15.6,6.6,4.8,0.0
495,2018.0,11.0,8.0,14.3,5.4,3.1,0.0
496,2018.0,11.0,9.0,12.7,3.0,3.6,0.0
497,2018.0,11.0,10.0,10.9,3.2,4.3,0.1
498,2018.0,11.0,11.0,15.0,4.8,4.0,0.2
499,2018.0,11.0,12.0,14.7,4.3,3.6,0.0
500,2018.0,11.0,13.0,13.8,5.8,3.8,0.1
501,2018.0,11.0,14.0,12.0,3.5,6.9,0.0
502,2018.0,11.0,15.0,10.7,0.6,2.5,0.0
503,2018.0,11.0,16.0,8.3,0.9,5.3,0.0
504,2018.0,11.0,17.0,5.9,-1.5,5.5,0.0
505,2018.0,11.0,18.0,6.4,-3.6,2.5,0.0
506,2018.0,11.0,19.0,1.9,-0.5,4.1,1.2
507,2018.0,11.0,20.0,4.5,0.3,8.7,4.0
508,2018.0,11.0,21.0,4.3,3.4,5.4,4.6
509,2018.0,11.0,22.0,4.9,2.4,2.9,0.7
510,2018.0,11.0,23.0,4.8,2.7,3.7,0.6
511,2018.0,11.0,24.0,6.4,1.5,4.4,2.8
512,2018.0,11.0,25.0,6.9,4.7,4.9,14.8
513,2018.0,11.0,26.0,9.4,5.3,6.7,14.3
514,2018.0,11.0,27.0,4.6,0.9,5.6,8.8
515,2018.0,11.0,28.0,1.6,-3.8,7.1,0.4
516,2018.0,11.0,29.0,-0.2,-6.3,5.4,0.6
517,2018.0,11.0,30.0,-2.1,-5.3,3.2,0.3
518,2018.0,12.0,1.0,-1.8,-5.6,2.8,0.1
519,2018.0,12.0,2.0,0.3,-4.4,4.3,0.0
520,2018.0,12.0,3.0,3.3,-2.4,3.3,0.4
521,2018.0,12.0,4.0,5.4,0.2,5.9,0.7
522,2018.0,12.0,5.0,4.9,-5.0,6.7,0.0
523,2018.0,12.0,6.0,2.0,-5.9,3.0,0.1
524,2018.0,12.0,7.0,2.6,-0.9,2.6,3.5
525,2018.0,12.0,8.0,6.8,0.1,6.0,6.4
526,2018.0,12.0,9.0,6.1,-0.1,5.7,0.8
527,2018.0,12.0,10.0,5.9,1.4,7.9,0.6
528,2018.0,12.0,11.0,3.7,-0.2,5.6,0.8
529,2018.0,12.0,12.0,3.1,-0.9,5.6,0.4
530,2018.0,12.0,13.0,1.6,-5.3,2.0,0.0
531,2018.0,12.0,14.0,-0.6,-5.7,4.5,0.7
532,2018.0,12.0,15.0,-0.4,-1.1,5.8,14.8
533,2018.0,12.0,16.0,-0.7,-4.2,3.0,4.3
534,2018.0,12.0,17.0,-4.3,-7.6,1.9,0.4
535,2018.0,12.0,18.0,-2.6,-8.2,2.0,0.1
536,2018.0,12.0,19.0,-7.0,-9.8,4.0,0.7
537,2018.0,12.0,20.0,-4.2,-8.3,4.7,1.2
538,2018.0,12.0,21.0,-0.9,-6.3,3.1,0.0
539,2018.0,12.0,22.0,6.7,1.1,5.7,1.4
540,2018.0,12.0,23.0,6.4,2.1,6.3,0.6
541,2018.0,12.0,24.0,4.0,-2.1,6.0,6.2
542,2018.0,12.0,25.0,2.0,-3.5,7.9,0.4
543,2018.0,12.0,26.0,3.8,-0.8,7.1,0.2
544,2018.0,12.0,27.0,5.9,0.0,5.6,0.0
545,2018.0,12.0,28.0,6.1,2.3,6.5,0.0
546,2018.0,12.0,29.0,5.1,0.0,5.7,0.0
547,2018.0,12.0,30.0,4.8,-0.7,8.8,1.4
548,2018.0,12.0,31.0,4.2,-1.5,7.5,0.3
549,2019.0,1.0,1.0,2.7,-4.6,6.1,0.9
550,2019.0,1.0,2.0,3.1,-0.7,9.5,0.9
551,2019.0,1.0,3.0,0.3,-3.3,7.9,0.1
552,2019.0,1.0,4.0,-1.0,-6.3,5.4,0.2
553,2019.0,1.0,5.0,2.2,-3.2,5.8,4.0
554,2019.0,1.0,6.0,0.4,-6.5,7.3,0.0
555,2019.0,1.0,7.0,-5.2,-14.9,1.9,0.0
556,2019.0,1.0,8.0,0.0,-10.4,4.4,4.7
557,2019.0,1.0,9.0,1.8,-1.2,4.6,1.9
558,2019.0,1.0,10.0,0.2,-8.6,3.2,0.3
559,2019.0,1.0,11.0,-6.5,-9.8,5.6,0.1
560,2019.0,1.0,12.0,3.3,-4.3,6.0,1.2
561,2019.0,1.0,13.0,3.3,0.0,5.9,1.4
562,2019.0,1.0,14.0,3.1,-1.4,10.1,4.7
563,2019.0,1.0,15.0,1.2,-3.2,8.2,0.7
564,2019.0,1.0,16.0,5.7,-1.3,10.0,0.2
565,2019.0,1.0,17.0,10.0,-1.1,6.0,3.3
566,2019.0,1.0,18.0,5.6,-3.2,8.1,7.2
567,2019.0,1.0,19.0,0.6,-4.7,3.6,0.0
568,2019.0,1.0,20.0,0.0,-2.1,3.7,2.7
569,2019.0,1.0,21.0,0.0,-7.0,1.8,0.1
570,2019.0,1.0,22.0,-2.4,-9.9,3.0,0.0
571,2019.0,1.0,23.0,-1.4,-7.1,4.7,2.7
572,2019.0,1.0,24.0,1.5,-3.1,3.6,1.2
573,2019.0,1.0,25.0,-3.3,-6.3,6.7,2.5
574,2019.0,1.0,26.0,-2.7,-6.5,7.1,0.0
575,2019.0,1.0,27.0,2.7,-2.1,5.2,0.7
576,2019.0,1.0,28.0,3.6,-1.9,4.5,5.7
577,2019.0,1.0,29.0,3.3,-3.6,4.8,0.1
578,2019.0,1.0,30.0,-1.3,-8.5,2.6,0.1
579,2019.0,1.0,31.0,0.1,-3.4,2.4,0.2
580,2019.0,2.0,1.0,2.3,-2.0,4.7,1.8
581,2019.0,2.0,2.0,9.5,5.3,6.7,2.5
582,2019.0,2.0,3.0,11.0,3.5,7.6,2.0
583,2019.0,2.0,4.0,4.4,0.9,8.5,0.3
584,2019.0,2.0,5.0,4.7,-1.4,3.0,0.2
585,2019.0,2.0,6.0,3.3,-4.8,3.0,0.0
586,2019.0,2.0,7.0,2.2,-5.5,2.5,0.0
587,2019.0,2.0,8.0,3.8,-4.5,2.0,0.3
588,2019.0,2.0,9.0,3.8,-3.7,2.7,0.1
589,2019.0,2.0,10.0,6.3,-4.5,7.7,0.8
590,2019.0,2.0,11.0,6.0,2.6,10.5,4.3
591,2019.0,2.0,12.0,3.2,-0.7,9.6,0.1
592,2019.0,2.0,13.0,3.6,-1.7,5.9,0.1
593,2019.0,2.0,14.0,7.1,-0.3,6.5,0.0
594,2019.0,2.0,15.0,7.1,-2.6,1.9,0.0
595,2019.0,2.0,16.0,8.4,-2.3,2.3,0.0
596,2019.0,2.0,17.0,9.7,-2.1,1.9,0.0
597,2019.0,2.0,18.0,7.3,-2.3,2.2,0.0
598,2019.0,2.0,19.0,7.2,-1.3,2.3,0.2
599,2019.0,2.0,20.0,8.3,0.8,4.9,0.0
600,2019.0,2.0,21.0,8.6,-0.5,4.2,0.5
601,2019.0,2.0,22.0,10.6,-2.7,7.6,1.6
602,2019.0,2.0,23.0,-0.8,-6.4,6.2,0.0
603,2019.0,2.0,24.0,1.5,-6.6,3.3,0.0
604,2019.0,2.0,25.0,6.5,-4.0,3.0,0.0
605,2019.0,2.0,26.0,10.5,-3.9,6.9,0.0
606,2019.0,2.0,27.0,9.5,-0.1,5.0,0.0
607,2019.0,2.0,28.0,12.9,0.9,8.4,0.0
608,2019.0,3.0,1.0,11.6,4.7,5.5,0.1
609,2019.0,3.0,2.0,6.9,2.5,4.5,0.4
610,2019.0,3.0,3.0,11.7,3.1,5.7,0.5
611,2019.0,3.0,4.0,14.8,4.1,9.8,0.0
612,2019.0,3.0,5.0,11.9,5.0,6.9,1.5
613,2019.0,3.0,6.0,13.6,3.5,4.7,0.5
614,2019.0,3.0,7.0,17.2,6.5,8.8,0.0
615,2019.0,3.0,8.0,14.8,7.8,4.7,1.7
616,2019.0,3.0,9.0,12.8,5.8,5.8,0.2
617,2019.0,3.0,10.0,13.8,6.8,9.1,0.2
618,2019.0,3.0,11.0,9.3,3.8,14.0,0.3
619,2019.0,3.0,12.0,7.9,0.0,5.8,0.0
620,2019.0,3.0,13.0,6.0,-1.6,5.7,2.1
621,2019.0,3.0,14.0,9.5,-0.9,3.8,0.0
622,2019.0,3.0,15.0,10.1,4.5,8.2,2.2
623,2019.0,3.0,16.0,10.0,7.7,7.2,0.9
624,2019.0,3.0,17.0,17.6,3.6,6.5,0.0
625,2019.0,3.0,18.0,11.5,6.2,8.7,1.5
626,2019.0,3.0,19.0,9.9,5.2,5.5,0.4
627,2019.0,3.0,20.0,10.0,2.5,2.1,0.0
628,2019.0,3.0,21.0,11.1,-0.6,2.0,0.0
629,2019.0,3.0,22.0,14.0,0.7,2.0,0.0
630,2019.0,3.0,23.0,15.6,2.5,2.8,0.0
631,2019.0,3.0,24.0,17.7,5.5,4.8,0.0
632,2019.0,3.0,25.0,12.1,7.5,5.5,0.2
633,2019.0,3.0,26.0,11.0,5.2,5.9,0.0
634,2019.0,3.0,27.0,9.0,1.6,5.6,0.0
635,2019.0,3.0,28.0,13.2,-1.1,3.6,0.0
636,2019.0,3.0,29.0,13.8,2.3,2.2,0.0
637,2019.0,3.0,30.0,15.7,2.1,2.0,0.0
638,2019.0,3.0,31.0,17.7,3.1,2.5,0.0
639,2019.0,4.0,1.0,13.9,6.1,5.9,0.0
640,2019.0,4.0,2.0,15.2,5.0,6.6,0.0
641,2019.0,4.0,3.0,15.5,8.2,6.6,0.0
642,2019.0,4.0,4.0,17.0,9.0,7.0,0.0
643,2019.0,4.0,5.0,15.0,6.6,7.7,3.0
644,2019.0,4.0,6.0,15.5,5.9,3.5,3.0
645,2019.0,4.0,7.0,17.6,6.7,4.0,0.0
646,2019.0,4.0,8.0,19.7,8.6,3.3,0.0
647,2019.0,4.0,9.0,19.0,12.0,4.5,0.4
648,2019.0,4.0,10.0,17.5,10.9,5.4,0.0
649,2019.0,4.0,11.0,14.2,10.0,6.5,6.4
650,2019.0,4.0,12.0,10.5,7.7,5.4,13.4
651,2019.0,4.0,13.0,10.1,7.7,5.4,0.2
652,2019.0,4.0,14.0,14.4,8.4,6.4,1.3
653,2019.0,4.0,15.0,12.4,4.6,6.4,0.0
654,2019.0,4.0,16.0,12.8,2.1,3.9,0.0
655,2019.0,4.0,17.0,15.2,3.4,3.0,0.0
656,2019.0,4.0,18.0,18.4,9.2,4.1,0.1
657,2019.0,4.0,19.0,20.7,11.3,4.0,0.0
658,2019.0,4.0,20.0,19.6,11.0,3.2,0.0
659,2019.0,4.0,21.0,20.3,11.8,3.6,0.0
660,2019.0,4.0,22.0,19.1,12.0,7.1,0.3
661,2019.0,4.0,23.0,11.8,9.9,7.4,4.8
662,2019.0,4.0,24.0,21.4,10.2,6.0,2.1
663,2019.0,4.0,25.0,23.8,12.7,6.3,0.0
664,2019.0,4.0,26.0,25.9,15.8,6.1,2.8
665,2019.0,4.0,27.0,17.7,12.2,6.7,4.3
666,2019.0,4.0,28.0,15.8,11.7,8.2,0.4
667,2019.0,4.0,29.0,15.9,10.3,5.2,0.9
668,2019.0,4.0,30.0,16.8,9.0,3.8,6.1
669,2019.0,5.0,1.0,19.3,10.4,6.4,0.0
670,2019.0,5.0,2.0,21.1,10.8,5.5,1.0
671,2019.0,5.0,3.0,16.9,11.9,5.9,0.6
672,2019.0,5.0,4.0,17.4,12.3,5.0,10.9
673,2019.0,5.0,5.0,11.3,7.1,5.8,27.1
674,2019.0,5.0,6.0,11.7,7.1,4.9,9.1
675,2019.0,5.0,7.0,15.2,6.8,6.3,0.0
676,2019.0,5.0,8.0,17.8,7.8,4.6,0.0
677,2019.0,5.0,9.0,11.4,9.9,5.0,17.0
678,2019.0,5.0,10.0,19.3,9.9,6.6,0.6
679,2019.0,5.0,11.0,22.3,11.2,3.6,0.8
680,2019.0,5.0,12.0,22.3,13.6,4.9,9.8
681,2019.0,5.0,13.0,16.4,8.8,6.3,1.2
682,2019.0,5.0,14.0,10.5,6.8,6.0,30.3
683,2019.0,5.0,15.0,11.6,8.5,3.0,9.3
684,2019.0,5.0,16.0,17.0,7.4,2.2,0.1
685,2019.0,5.0,17.0,20.0,10.4,2.6,0.0
686,2019.0,5.0,18.0,23.4,11.8,3.9,0.2
687,2019.0,5.0,19.0,24.4,14.2,4.7,3.5
688,2019.0,5.0,20.0,22.4,15.9,6.0,7.7
689,2019.0,5.0,21.0,19.8,12.7,5.4,5.7
690,2019.0,5.0,22.0,17.6,14.3,7.1,1.5
691,2019.0,5.0,23.0,18.5,12.6,7.7,0.0
692,2019.0,5.0,24.0,20.5,10.5,3.5,2.2
693,2019.0,5.0,25.0,23.9,13.6,2.9,0.0
694,2019.0,5.0,26.0,25.6,16.0,2.8,0.0
695,2019.0,5.0,27.0,25.6,17.3,4.2,7.8
696,2019.0,5.0,28.0,23.6,15.3,4.2,9.4
697,2019.0,5.0,29.0,21.8,14.2,3.3,5.8
698,2019.0,5.0,30.0,16.7,12.7,4.2,23.1
699,2019.0,5.0,31.0,23.1,12.9,3.3,1.4
700,2019.0,6.0,1.0,25.2,15.8,4.9,0.9
701,2019.0,6.0,2.0,27.2,17.0,3.6,0.0
702,2019.0,6.0,3.0,28.1,18.1,3.5,0.2
703,2019.0,6.0,4.0,27.5,18.7,3.3,0.0
704,2019.0,6.0,5.0,27.7,19.7,3.9,3.0
705,2019.0,6.0,6.0,26.2,17.3,4.8,4.6
706,2019.0,6.0,7.0,27.7,18.2,4.1,8.8
707,2019.0,6.0,8.0,27.1,18.2,6.0,0.0
708,2019.0,6.0,9.0,28.1,17.9,3.6,0.0
709,2019.0,6.0,10.0,30.4,20.0,4.2,0.0
710,2019.0,6.0,11.0,30.9,21.1,4.4,0.0
711,2019.0,6.0,12.0,31.1,21.5,5.4,0.0
712,2019.0,6.0,13.0,33.3,22.3,4.1,3.2
713,2019.0,6.0,14.0,33.0,23.3,3.7,0.0
714,2019.0,6.0,15.0,33.8,23.6,3.9,0.3
715,2019.0,6.0,16.0,31.7,24.4,4.7,7.1
716,2019.0,6.0,17.0,29.4,21.0,3.7,10.7
717,2019.0,6.0,18.0,26.6,19.9,4.3,3.0
718,2019.0,6.0,19.0,29.7,22.9,4.8,15.9
719,2019.0,6.0,20.0,29.8,22.4,2.5,6.9
720,2019.0,6.0,21.0,29.2,21.0,4.5,0.8
721,2019.0,6.0,22.0,29.8,22.3,3.3,2.4
722,2019.0,6.0,23.0,26.8,21.1,4.2,20.1
723,2019.0,6.0,24.0,29.0,20.3,5.7,0.8
724,2019.0,6.0,25.0,31.3,20.4,4.2,0.0
725,2019.0,6.0,26.0,32.5,23.9,3.2,0.0
726,2019.0,6.0,27.0,32.5,23.2,7.5,0.0
727,2019.0,6.0,28.0,26.2,18.3,4.0,0.0
728,2019.0,6.0,29.0,28.2,18.6,3.2,0.0
729,2019.0,6.0,30.0,29.1,20.7,4.3,0.0
730,2019.0,7.0,1.0,32.2,20.8,3.8,0.0
731,2019.0,7.0,2.0,30.9,23.2,6.3,0.0
732,2019.0,7.0,3.0,27.1,20.1,5.1,0.0
733,2019.0,7.0,4.0,25.8,19.1,4.2,0.0
734,2019.0,7.0,5.0,28.4,19.7,5.3,0.0
735,2019.0,7.0,6.0,29.6,20.8,5.7,0.0
736,2019.0,7.0,7.0,24.3,20.8,6.6,13.3
737,2019.0,7.0,8.0,23.0,17.4,4.7,0.0
738,2019.0,7.0,9.0,22.5,17.7,5.6,0.0
739,2019.0,7.0,10.0,23.1,17.3,5.7,0.0
740,2019.0,7.0,11.0,23.9,15.1,5.2,0.0
741,2019.0,7.0,12.0,21.3,17.3,3.5,0.0
742,2019.0,7.0,13.0,22.4,15.9,4.9,12.9
743,2019.0,7.0,14.0,25.9,15.6,4.9,0.6
744,2019.0,7.0,15.0,23.8,17.6,3.6,0.8
745,2019.0,7.0,16.0,26.1,18.0,4.5,0.0
746,2019.0,7.0,17.0,24.6,14.7,4.9,0.0
747,2019.0,7.0,18.0,27.8,18.8,3.8,1.0
748,2019.0,7.0,19.0,28.5,20.2,3.5,2.4
749,2019.0,7.0,20.0,30.2,20.8,4.3,0.0
750,2019.0,7.0,21.0,32.0,22.0,5.2,0.6
751,2019.0,7.0,22.0,28.6,21.1,5.7,0.0
752,2019.0,7.0,23.0,27.8,21.2,4.6,0.0
753,2019.0,7.0,24.0,29.8,19.9,3.4,0.0
754,2019.0,7.0,25.0,30.1,21.6,2.6,0.0
755,2019.0,7.0,26.0,32.5,22.6,3.1,0.1
756,2019.0,7.0,27.0,30.2,21.8,3.8,12.9
757,2019.0,7.0,28.0,32.2,20.7,5.0,5.4
758,2019.0,7.0,29.0,29.3,20.7,4.3,4.3
759,2019.0,7.0,30.0,30.5,20.8,5.5,0.0
760,2019.0,7.0,31.0,28.7,22.6,4.6,0.0
761,2019.0,8.0,1.0,30.6,21.8,4.4,0.9
762,2019.0,8.0,2.0,27.9,21.8,4.3,0.0
763,2019.0,8.0,3.0,25.8,18.2,5.6,37.4
764,2019.0,8.0,4.0,26.9,17.5,3.0,0.0
765,2019.0,8.0,5.0,27.2,19.7,4.2,0.5
766,2019.0,8.0,6.0,31.2,20.5,3.0,0.4
767,2019.0,8.0,7.0,31.7,22.6,6.0,1.5
768,2019.0,8.0,8.0,28.8,20.7,5.9,0.0
769,2019.0,8.0,9.0,30.7,22.0,4.1,0.1
770,2019.0,8.0,10.0,33.4,23.1,3.2,0.0
771,2019.0,8.0,11.0,33.6,23.7,4.7,0.0
772,2019.0,8.0,12.0,36.2,24.8,3.7,0.0
773,2019.0,8.0,13.0,28.0,20.3,7.2,3.7
774,2019.0,8.0,14.0,23.0,17.4,4.6,12.0
775,2019.0,8.0,15.0,24.2,16.8,2.5,0.0
776,2019.0,8.0,16.0,25.4,19.1,4.3,1.1
777,2019.0,8.0,17.0,27.4,17.9,3.1,0.0
778,2019.0,8.0,18.0,29.7,20.0,4.2,0.0
779,2019.0,8.0,19.0,32.3,21.7,3.3,0.0
780,2019.0,8.0,20.0,33.6,23.3,3.0,0.0
781,2019.0,8.0,21.0,30.2,22.5,5.5,0.5
782,2019.0,8.0,22.0,27.7,19.4,3.1,2.3
783,2019.0,8.0,23.0,30.5,21.6,2.2,0.0
784,2019.0,8.0,24.0,32.1,23.4,4.0,0.0
785,2019.0,8.0,25.0,32.0,23.7,3.3,1.5
786,2019.0,8.0,26.0,31.5,24.3,4.0,1.3
787,2019.0,8.0,27.0,31.5,24.4,3.9,0.9
788,2019.0,8.0,28.0,33.4,24.7,3.2,0.0
789,2019.0,8.0,29.0,33.1,25.4,2.9,0.0
790,2019.0,8.0,30.0,34.7,24.7,2.6,0.0
791,2019.0,8.0,31.0,33.1,25.0,3.9,0.1
792,2019.0,9.0,1.0,32.3,24.8,3.7,0.0
793,2019.0,9.0,2.0,32.6,22.2,4.7,0.0
794,2019.0,9.0,3.0,21.9,16.1,6.8,2.2
795,2019.0,9.0,4.0,25.6,15.9,1.9,0.0
796,2019.0,9.0,5.0,26.5,18.6,2.0,0.0
797,2019.0,9.0,6.0,26.3,17.3,4.0,0.0
798,2019.0,9.0,7.0,20.5,18.2,3.0,2.4
799,2019.0,9.0,8.0,23.0,17.6,2.6,5.3
800,2019.0,9.0,9.0,21.8,15.0,5.6,20.3
801,2019.0,9.0,10.0,22.7,14.7,3.2,0.0
802,2019.0,9.0,11.0,26.1,16.7,2.0,0.0
803,2019.0,9.0,12.0,25.5,19.7,5.4,0.0
804,2019.0,9.0,13.0,25.4,16.3,4.3,0.0
805,2019.0,9.0,14.0,25.6,18.4,4.4,0.0
806,2019.0,9.0,15.0,23.8,15.7,3.2,0.0
807,2019.0,9.0,16.0,26.7,17.5,3.5,0.0
808,2019.0,9.0,17.0,22.0,16.7,6.1,0.0
809,2019.0,9.0,18.0,17.2,11.2,8.4,0.0
810,2019.0,9.0,19.0,17.1,10.4,4.8,0.0
811,2019.0,9.0,20.0,18.8,9.8,3.5,0.0
812,2019.0,9.0,21.0,19.5,12.4,2.0,0.0
813,2019.0,9.0,22.0,22.5,13.1,4.2,0.0
814,2019.0,9.0,23.0,17.7,13.7,4.7,0.0
815,2019.0,9.0,24.0,20.4,14.2,2.1,0.0
816,2019.0,9.0,25.0,20.2,14.9,3.3,1.3
817,2019.0,9.0,26.0,21.1,14.5,5.2,1.9
818,2019.0,9.0,27.0,23.0,14.7,2.8,0.0
819,2019.0,9.0,28.0,17.5,16.4,3.6,0.7
820,2019.0,9.0,29.0,22.6,14.7,4.4,0.0
821,2019.0,9.0,30.0,24.0,15.9,10.7,0.0
822,2019.0,10.0,1.0,22.7,13.4,4.7,0.0
823,2019.0,10.0,2.0,23.1,15.9,5.5,2.5
824,2019.0,10.0,3.0,15.2,10.2,9.1,0.3
825,2019.0,10.0,4.0,16.2,8.1,3.5,0.0
826,2019.0,10.0,5.0,13.1,10.3,7.3,4.1
827,2019.0,10.0,6.0,14.6,8.9,7.1,0.3
828,2019.0,10.0,7.0,12.1,8.2,3.4,0.0
829,2019.0,10.0,8.0,13.9,7.2,4.3,0.0
830,2019.0,10.0,9.0,19.2,10.3,7.9,0.0
831,2019.0,10.0,10.0,15.4,11.1,6.8,2.2
832,2019.0,10.0,11.0,17.3,9.4,4.2,0.0
833,2019.0,10.0,12.0,20.6,11.1,3.1,0.0
834,2019.0,10.0,13.0,20.6,13.3,2.2,0.0
835,2019.0,10.0,14.0,21.4,14.6,3.2,0.0
836,2019.0,10.0,15.0,22.7,14.8,3.6,0.0
837,2019.0,10.0,16.0,17.3,14.1,3.1,0.0
838,2019.0,10.0,17.0,21.5,13.8,1.6,0.0
839,2019.0,10.0,18.0,21.0,14.5,3.1,0.0
840,2019.0,10.0,19.0,21.6,13.4,5.5,0.0
841,2019.0,10.0,20.0,22.8,15.0,5.1,0.0
842,2019.0,10.0,21.0,23.6,15.6,3.7,0.0
843,2019.0,10.0,22.0,23.0,15.7,1.5,0.0
844,2019.0,10.0,23.0,23.3,16.2,2.7,0.0
845,2019.0,10.0,24.0,22.1,14.8,2.8,0.0
846,2019.0,10.0,25.0,21.9,14.7,2.3,0.0
847,2019.0,10.0,26.0,19.7,13.7,1.7,0.0
848,2019.0,10.0,27.0,20.4,13.6,1.2,0.0
849,2019.0,10.0,28.0,17.2,12.3,4.0,0.0
850,2019.0,10.0,29.0,11.4,9.3,2.4,9.8
851,2019.0,10.0,30.0,11.5,7.5,3.1,0.0
852,2019.0,10.0,31.0,10.1,5.6,1.5,0.0
853,2019.0,11.0,1.0,9.7,5.3,3.5,0.0
854,2019.0,11.0,2.0,11.1,6.3,4.8,0.0
855,2019.0,11.0,3.0,16.4,9.8,6.6,0.4
856,2019.0,11.0,4.0,15.7,9.9,5.3,9.6
857,2019.0,11.0,5.0,16.3,9.2,6.6,12.3
858,2019.0,11.0,6.0,12.7,9.7,4.3,5.1
859,2019.0,11.0,7.0,13.9,9.6,2.2,8.2
860,2019.0,11.0,8.0,13.5,8.5,4.3,0.0
861,2019.0,11.0,9.0,15.1,10.5,3.1,0.0
862,2019.0,11.0,10.0,10.1,7.4,4.2,1.3
863,2019.0,11.0,11.0,10.2,5.5,6.1,0.0
864,2019.0,11.0,12.0,10.2,7.0,3.5,1.9
865,2019.0,11.0,13.0,16.4,10.4,7.7,14.9
866,2019.0,11.0,14.0,11.4,6.4,3.9,0.3
867,2019.0,11.0,15.0,14.5,8.4,3.8,0.0
868,2019.0,11.0,16.0,16.3,10.3,4.0,0.0
869,2019.0,11.0,17.0,13.8,10.2,4.6,0.0
870,2019.0,11.0,18.0,14.1,9.6,5.0,0.2
871,2019.0,11.0,19.0,11.6,8.1,3.5,0.0
872,2019.0,11.0,20.0,10.9,9.3,4.9,4.3
873,2019.0,11.0,21.0,11.5,9.5,4.0,5.3
874,2019.0,11.0,22.0,11.8,8.4,5.1,1.3
875,2019.0,11.0,23.0,9.0,4.6,5.3,0.0
876,2019.0,11.0,24.0,9.8,5.7,4.5,0.0
877,2019.0,11.0,25.0,10.6,5.7,1.8,0.0
878,2019.0,11.0,26.0,10.2,6.6,1.2,0.0
879,2019.0,11.0,27.0,9.7,5.4,5.0,2.6
880,2019.0,11.0,28.0,10.3,9.0,2.6,7.5
881,2019.0,11.0,29.0,11.0,7.4,3.8,0.0
882,2019.0,11.0,30.0,5.5,1.6,7.4,0.0
883,2019.0,12.0,1.0,4.2,0.7,4.7,0.0
884,2019.0,12.0,2.0,1.8,0.2,4.7,6.7
885,2019.0,12.0,3.0,1.0,-1.6,4.1,0.0
886,2019.0,12.0,4.0,-0.7,-3.5,2.0,0.0
887,2019.0,12.0,5.0,-0.2,-2.6,2.4,0.0
888,2019.0,12.0,6.0,0.2,-2.8,1.6,0.0
889,2019.0,12.0,7.0,2.8,-1.6,2.6,0.0
890,2019.0,12.0,8.0,6.3,1.6,2.1,0.0
891,2019.0,12.0,9.0,6.2,4.2,3.3,3.3
892,2019.0,12.0,10.0,5.7,1.2,8.3,4.9
893,2019.0,12.0,11.0,2.4,-0.4,2.6,0.0
894,2019.0,12.0,12.0,3.5,1.0,2.9,4.7
895,2019.0,12.0,13.0,5.0,3.3,4.5,5.0
896,2019.0,12.0,14.0,4.7,3.7,4.2,1.6
897,2019.0,12.0,15.0,7.4,2.5,3.4,0.0
898,2019.0,12.0,16.0,9.2,4.6,3.8,0.0
899,2019.0,12.0,17.0,14.1,7.2,6.7,0.0
900,2019.0,12.0,18.0,12.0,7.6,3.9,0.0
901,2019.0,12.0,19.0,8.9,6.3,2.3,0.0
902,2019.0,12.0,20.0,10.1,5.2,6.1,0.0
903,2019.0,12.0,21.0,10.9,9.6,6.3,4.5
904,2019.0,12.0,22.0,9.3,6.2,6.3,17.2
905,2019.0,12.0,23.0,7.6,7.0,9.9,4.9
906,2019.0,12.0,24.0,7.8,5.4,9.4,0.0
907,2019.0,12.0,25.0,8.3,4.6,6.2,3.1
908,2019.0,12.0,26.0,6.4,3.2,6.0,0.0
909,2019.0,12.0,27.0,4.6,1.6,4.9,0.0
910,2019.0,12.0,28.0,3.0,-0.1,7.2,0.0
911,2019.0,12.0,29.0,1.0,-1.1,3.2,0.0
912,2019.0,12.0,30.0,1.1,-1.5,2.3,0.0
913,2019.0,12.0,31.0,4.4,-0.6,5.1,0.0
914,2020.0,1.0,1.0,3.0,0.2,4.5,0.0
915,2020.0,1.0,2.0,3.3,-0.5,1.6,0.0
916,2020.0,1.0,3.0,2.4,-0.7,1.6,0.0
917,2020.0,1.0,4.0,6.7,1.1,7.4,0.0
918,2020.0,1.0,5.0,3.5,-0.7,7.9,0.1
919,2020.0,1.0,6.0,1.0,-1.0,1.7,0.0
920,2020.0,1.0,7.0,1.7,-1.3,1.5,0.0
921,2020.0,1.0,8.0,1.1,-1.2,1.2,0.0
922,2020.0,1.0,9.0,1.3,-1.0,1.8,0.0
923,2020.0,1.0,10.0,1.5,-0.7,2.6,0.0
924,2020.0,1.0,11.0,6.5,0.2,4.8,0.0
925,2020.0,1.0,12.0,4.2,0.8,1.4,0.0
926,2020.0,1.0,13.0,2.7,-0.3,1.9,0.0
927,2020.0,1.0,14.0,2.9,-0.5,2.1,0.0
928,2020.0,1.0,15.0,3.1,-0.4,2.3,0.0
929,2020.0,1.0,16.0,3.0,-0.1,1.4,0.0
930,2020.0,1.0,17.0,2.5,-0.3,2.2,0.0
931,2020.0,1.0,18.0,1.7,-0.8,2.3,0.0
932,2020.0,1.0,19.0,2.8,0.1,2.5,0.1
933,2020.0,1.0,20.0,4.4,-0.1,2.6,0.0
934,2020.0,1.0,21.0,3.6,-0.5,1.5,0.0
935,2020.0,1.0,22.0,2.8,-0.9,4.7,0.0
936,2020.0,1.0,23.0,3.4,-0.6,4.6,0.0
937,2020.0,1.0,24.0,1.7,-1.6,1.9,0.0
938,2020.0,1.0,25.0,1.6,-0.9,1.6,0.9
939,2020.0,1.0,26.0,1.2,0.3,1.9,0.4
940,2020.0,1.0,27.0,5.7,1.5,2.0,0.0
941,2020.0,1.0,28.0,4.7,0.3,3.6,6.8
942,2020.0,1.0,29.0,5.3,1.5,6.8,0.1
943,2020.0,1.0,30.0,4.5,0.3,6.7,0.4
944,2020.0,1.0,31.0,11.0,1.5,7.1,0.7
945,2020.0,2.0,1.0,10.6,5.5,3.3,0.0
946,2020.0,2.0,2.0,12.8,8.6,8.4,0.4
947,2020.0,2.0,3.0,10.8,7.3,7.6,5.0
948,2020.0,2.0,4.0,7.4,3.0,12.6,9.8
949,2020.0,2.0,5.0,7.0,0.9,11.2,0.0
950,2020.0,2.0,6.0,4.3,-0.1,7.3,0.0
951,2020.0,2.0,7.0,6.8,1.2,5.3,0.0
952,2020.0,2.0,8.0,4.1,-0.8,3.7,0.0
953,2020.0,2.0,9.0,5.3,-0.6,2.9,0.0
954,2020.0,2.0,10.0,12.0,3.5,8.6,0.4
955,2020.0,2.0,11.0,7.9,4.4,11.0,2.1
956,2020.0,2.0,12.0,6.4,2.2,7.3,0.0
957,2020.0,2.0,13.0,7.4,1.4,6.3,1.0
958,2020.0,2.0,14.0,8.0,4.9,6.7,4.3
959,2020.0,2.0,15.0,8.2,2.5,3.4,0.0
960,2020.0,2.0,16.0,9.1,2.0,3.6,0.0
961,2020.0,2.0,17.0,11.0,3.6,2.6,0.0
962,2020.0,2.0,18.0,10.8,6.0,6.1,0.4
963,2020.0,2.0,19.0,7.8,3.1,6.0,0.2
964,2020.0,2.0,20.0,6.8,2.2,5.8,0.0
965,2020.0,2.0,21.0,7.8,2.6,8.8,0.4
966,2020.0,2.0,22.0,8.6,1.6,4.9,0.0
967,2020.0,2.0,23.0,10.8,5.0,8.5,0.4
968,2020.0,2.0,24.0,12.3,5.0,9.6,1.9
969,2020.0,2.0,25.0,14.4,4.2,5.5,1.9
970,2020.0,2.0,26.0,8.9,4.7,7.7,7.1
971,2020.0,2.0,27.0,6.8,2.6,7.8,0.0
972,2020.0,2.0,28.0,7.1,2.1,11.9,3.7
973,2020.0,2.0,29.0,8.9,1.4,6.6,0.0
974,2020.0,3.0,1.0,9.6,6.5,6.2,5.6
975,2020.0,3.0,2.0,12.4,7.5,6.6,12.9
976,2020.0,3.0,3.0,10.5,6.1,4.7,4.3
977,2020.0,3.0,4.0,8.9,5.1,6.4,0.0
978,2020.0,3.0,5.0,9.8,2.9,4.0,0.0
979,2020.0,3.0,6.0,5.6,3.8,4.8,11.8
980,2020.0,3.0,7.0,9.3,4.9,6.8,1.2
981,2020.0,3.0,8.0,9.0,2.5,4.5,0.0
982,2020.0,3.0,9.0,10.0,3.4,2.6,0.0
983,2020.0,3.0,10.0,11.3,4.4,4.6,0.0
984,2020.0,3.0,11.0,14.6,6.8,4.8,1.5
985,2020.0,3.0,12.0,16.7,9.5,5.3,0.0
986,2020.0,3.0,13.0,13.1,7.2,7.6,0.4
987,2020.0,3.0,14.0,9.7,4.8,5.8,0.0
988,2020.0,3.0,15.0,8.9,2.1,4.1,0.0
989,2020.0,3.0,16.0,10.6,2.5,6.1,0.0
990,2020.0,3.0,17.0,13.1,4.1,1.5,0.0
991,2020.0,3.0,18.0,15.5,7.8,1.7,0.0
992,2020.0,3.0,19.0,17.2,8.9,2.2,0.0
993,2020.0,3.0,20.0,17.6,10.5,2.8,0.0
994,2020.0,3.0,21.0,15.4,4.8,6.9,2.9
995,2020.0,3.0,22.0,5.8,1.4,4.8,1.0
996,2020.0,3.0,23.0,3.7,0.0,9.3,1.1
997,2020.0,3.0,24.0,6.2,0.1,7.7,0.0
998,2020.0,3.0,25.0,5.0,0.5,6.2,0.0
999,2020.0,3.0,26.0,11.9,3.0,5.4,0.0
1000,2020.0,3.0,27.0,14.4,6.2,3.6,0.0
1001,2020.0,3.0,28.0,16.4,8.0,2.7,0.0
1002,2020.0,3.0,29.0,15.8,8.8,5.7,0.0
1003,2020.0,3.0,30.0,8.1,2.0,4.2,1.4
1004,2020.0,3.0,31.0,8.3,1.6,2.8,0.0
1005,2020.0,4.0,1.0,10.0,3.1,1.9,0.0
1006,2020.0,4.0,2.0,11.1,3.2,2.8,0.0
1007,2020.0,4.0,3.0,13.8,4.2,4.1,0.0
1008,2020.0,4.0,4.0,15.0,6.6,3.8,0.0
1009,2020.0,4.0,5.0,15.9,7.9,4.6,0.0
1010,2020.0,4.0,6.0,15.6,8.0,3.8,0.0
1011,2020.0,4.0,7.0,17.0,8.2,1.9,0.0
1012,2020.0,4.0,8.0,19.2,9.8,1.4,0.0
1013,2020.0,4.0,9.0,20.5,11.3,3.9,0.0
1014,2020.0,4.0,10.0,18.8,12.5,4.7,0.0
1015,2020.0,4.0,11.0,18.9,10.6,2.5,0.0
1016,2020.0,4.0,12.0,17.9,10.8,3.4,0.0
1017,2020.0,4.0,13.0,21.1,11.9,6.1,0.3
1018,2020.0,4.0,14.0,10.9,7.2,6.9,0.2
1019,2020.0,4.0,15.0,13.6,5.3,5.0,0.0
1020,2020.0,4.0,16.0,19.5,8.1,4.1,0.0
1021,2020.0,4.0,17.0,21.4,11.4,5.4,0.0
1022,2020.0,4.0,18.0,20.5,12.7,3.0,1.0
1023,2020.0,4.0,19.0,17.0,12.4,5.1,11.4
1024,2020.0,4.0,20.0,15.4,8.4,5.5,0.0
1025,2020.0,4.0,21.0,16.2,7.8,6.0,0.0
1026,2020.0,4.0,22.0,17.2,8.4,4.1,0.0
1027,2020.0,4.0,23.0,18.5,9.6,2.8,0.0
1028,2020.0,4.0,24.0,18.9,11.4,4.7,0.0
1029,2020.0,4.0,25.0,18.4,12.3,8.5,0.4
1030,2020.0,4.0,26.0,18.3,9.2,3.2,0.0
1031,2020.0,4.0,27.0,18.8,10.9,3.9,0.0
1032,2020.0,4.0,28.0,22.2,12.1,5.3,2.5
1033,2020.0,4.0,29.0,18.4,14.2,5.6,3.1
1034,2020.0,4.0,30.0,21.0,12.1,6.3,0.5
1035,2020.0,5.0,1.0,19.1,14.1,4.8,1.1
1036,2020.0,5.0,2.0,19.4,12.3,6.0,0.0
1037,2020.0,5.0,3.0,17.8,10.9,7.9,0.0
1038,2020.0,5.0,4.0,19.5,10.0,4.1,0.1
1039,2020.0,5.0,5.0,17.5,12.0,7.4,4.8
1040,2020.0,5.0,6.0,15.6,8.0,8.5,0.0
1041,2020.0,5.0,7.0,16.3,9.4,8.0,0.0
1042,2020.0,5.0,8.0,21.8,9.7,2.6,0.0
1043,2020.0,5.0,9.0,23.1,14.1,3.4,0.0
1044,2020.0,5.0,10.0,24.0,15.8,4.2,0.0
1045,2020.0,5.0,11.0,24.6,15.8,8.3,0.0
1046,2020.0,5.0,12.0,15.5,8.4,7.9,0.0
1047,2020.0,5.0,13.0,11.2,7.3,3.5,1.0
1048,2020.0,5.0,14.0,22.4,11.3,4.7,0.6
1049,2020.0,5.0,15.0,19.4,11.1,7.6,4.1
1050,2020.0,5.0,16.0,19.9,9.1,3.1,0.0
1051,2020.0,5.0,17.0,20.9,12.8,3.5,6.3
1052,2020.0,5.0,18.0,24.3,13.7,2.4,0.0
1053,2020.0,5.0,19.0,25.1,16.7,4.0,0.1
1054,2020.0,5.0,20.0,19.7,15.7,3.7,9.7
1055,2020.0,5.0,21.0,20.0,13.2,4.9,0.0
1056,2020.0,5.0,22.0,19.1,11.0,4.1,0.0
1057,2020.0,5.0,23.0,16.8,13.0,3.1,1.5
1058,2020.0,5.0,24.0,19.9,12.0,9.9,2.7
1059,2020.0,5.0,25.0,17.9,12.0,7.1,0.2
1060,2020.0,5.0,26.0,20.4,10.5,4.8,2.0
1061,2020.0,5.0,27.0,21.8,12.1,3.9,1.2
1062,2020.0,5.0,28.0,20.9,13.1,6.1,0.3
1063,2020.0,5.0,29.0,20.4,12.5,4.8,1.2
1064,2020.0,5.0,30.0,19.7,12.5,3.9,5.1
1065,2020.0,5.0,31.0,13.4,10.7,8.3,0.0
1066,2020.0,6.0,1.0,22.4,12.1,4.3,1.5
1067,2020.0,6.0,2.0,19.9,13.5,4.8,0.2
1068,2020.0,6.0,3.0,21.8,11.7,3.9,1.3
1069,2020.0,6.0,4.0,24.5,14.6,7.9,1.3
1070,2020.0,6.0,5.0,23.3,16.6,7.6,9.1
1071,2020.0,6.0,6.0,25.9,14.8,3.4,1.9
1072,2020.0,6.0,7.0,27.0,19.3,4.5,12.1
1073,2020.0,6.0,8.0,23.6,15.4,4.2,3.1
1074,2020.0,6.0,9.0,26.1,15.9,2.1,1.6
1075,2020.0,6.0,10.0,25.1,18.7,3.3,8.2
1076,2020.0,6.0,11.0,25.3,18.4,3.0,2.4
1077,2020.0,6.0,12.0,26.5,16.5,2.2,0.4
1078,2020.0,6.0,13.0,30.2,19.1,2.3,1.2
1079,2020.0,6.0,14.0,28.3,22.2,3.2,17.6
1080,2020.0,6.0,15.0,23.6,18.1,3.3,19.0
1081,2020.0,6.0,16.0,21.3,18.0,4.1,19.3
1082,2020.0,6.0,17.0,23.1,18.9,3.8,9.9
1083,2020.0,6.0,18.0,22.5,18.6,5.5,10.2
1084,2020.0,6.0,19.0,24.0,16.8,7.9,0.0
1085,2020.0,6.0,20.0,20.3,16.6,7.6,0.0
1086,2020.0,6.0,21.0,21.2,15.1,6.8,2.8
1087,2020.0,6.0,22.0,22.8,17.1,5.8,0.8
1088,2020.0,6.0,23.0,26.2,18.8,4.4,0.0
1089,2020.0,6.0,24.0,25.1,15.8,3.7,0.0
1090,2020.0,6.0,25.0,27.5,18.2,3.3,0.0
1091,2020.0,6.0,26.0,29.7,20.3,6.2,3.6
1092,2020.0,6.0,27.0,30.4,20.7,4.4,2.3
1093,2020.0,6.0,28.0,33.0,22.9,3.5,0.0
1094,2020.0,6.0,29.0,32.0,19.1,9.6,2.3
1095,2020.0,6.0,30.0,27.6,18.0,4.8,0.0
1096,2020.0,7.0,1.0,30.5,20.7,4.1,0.0
1097,2020.0,7.0,2.0,31.8,23.1,3.1,3.9
1098,2020.0,7.0,3.0,25.2,21.4,7.0,6.4
1099,2020.0,7.0,4.0,28.1,20.4,3.5,1.2
1100,2020.0,7.0,5.0,29.3,19.3,4.1,0.0
1101,2020.0,7.0,6.0,29.8,21.9,7.6,0.0
1102,2020.0,7.0,7.0,23.1,15.8,9.1,1.3
1103,2020.0,7.0,8.0,26.5,16.2,3.5,0.0
1104,2020.0,7.0,9.0,26.7,19.4,3.7,0.0
1105,2020.0,7.0,10.0,31.8,20.7,4.8,0.0
1106,2020.0,7.0,11.0,31.2,18.1,6.3,3.5
1107,2020.0,7.0,12.0,22.6,16.2,5.2,4.0
1108,2020.0,7.0,13.0,23.8,17.1,3.2,0.3
1109,2020.0,7.0,14.0,24.6,17.4,2.2,0.0
1110,2020.0,7.0,15.0,26.0,18.1,3.4,0.0
1111,2020.0,7.0,16.0,24.6,18.6,5.0,0.0
1112,2020.0,7.0,17.0,23.1,16.4,4.7,0.8
1113,2020.0,7.0,18.0,21.2,17.1,2.6,2.1
1114,2020.0,7.0,19.0,27.4,16.4,2.2,3.2
1115,2020.0,7.0,20.0,28.9,18.4,4.1,0.0
1116,2020.0,7.0,21.0,30.2,21.0,3.8,0.4
1117,2020.0,7.0,22.0,28.2,20.9,3.9,2.8
1118,2020.0,7.0,23.0,29.5,22.6,3.8,0.0
1119,2020.0,7.0,24.0,29.8,21.2,4.8,7.3
1120,2020.0,7.0,25.0,27.3,20.2,4.1,5.7
1121,2020.0,7.0,26.0,29.2,19.4,4.1,0.0
1122,2020.0,7.0,27.0,29.7,20.9,4.2,0.0
1123,2020.0,7.0,28.0,32.9,22.6,4.4,0.0
1124,2020.0,7.0,29.0,30.5,23.8,5.0,0.0
1125,2020.0,7.0,30.0,32.8,24.0,3.2,0.0
1126,2020.0,7.0,31.0,31.4,24.6,4.6,0.0
1127,2020.0,8.0,1.0,28.8,21.2,3.9,0.0
1128,2020.0,8.0,2.0,29.8,20.5,4.3,0.0
1129,2020.0,8.0,3.0,31.5,21.7,5.2,0.5
1130,2020.0,8.0,4.0,29.6,20.6,5.4,4.3
1131,2020.0,8.0,5.0,25.0,20.6,3.1,3.4
1132,2020.0,8.0,6.0,29.7,20.5,4.7,1.3
1133,2020.0,8.0,7.0,31.5,22.7,5.8,0.0
1134,2020.0,8.0,8.0,32.9,24.2,3.8,0.0
1135,2020.0,8.0,9.0,33.0,24.8,3.1,0.0
1136,2020.0,8.0,10.0,33.0,25.3,2.8,1.5
1137,2020.0,8.0,11.0,33.1,23.5,3.8,1.4
1138,2020.0,8.0,12.0,32.1,24.1,4.0,0.0
1139,2020.0,8.0,13.0,31.3,22.6,3.2,0.0
1140,2020.0,8.0,14.0,31.0,24.6,3.3,0.0
1141,2020.0,8.0,15.0,28.9,23.0,2.6,1.1
1142,2020.0,8.0,16.0,26.0,20.5,3.4,25.9
1143,2020.0,8.0,17.0,30.9,21.8,3.9,4.4
1144,2020.0,8.0,18.0,27.4,22.1,4.3,6.6
1145,2020.0,8.0,19.0,27.8,21.2,4.5,1.1
1146,2020.0,8.0,20.0,30.1,20.0,3.6,0.0
1147,2020.0,8.0,21.0,31.6,22.3,2.7,0.0
1148,2020.0,8.0,22.0,32.9,23.2,2.1,0.0
1149,2020.0,8.0,23.0,28.7,21.6,4.9,3.7
1150,2020.0,8.0,24.0,28.9,22.0,4.0,0.0
1151,2020.0,8.0,25.0,26.7,21.0,4.6,0.0
1152,2020.0,8.0,26.0,30.3,20.4,5.6,0.0
1153,2020.0,8.0,27.0,26.1,19.5,7.7,0.0
1154,2020.0,8.0,28.0,29.1,19.0,4.8,0.0
1155,2020.0,8.0,29.0,32.7,22.1,6.7,0.0
1156,2020.0,8.0,30.0,34.3,23.4,7.6,0.0
1157,2020.0,8.0,31.0,26.2,19.1,7.0,0.2
1158,2020.0,9.0,1.0,19.7,15.7,5.5,16.7
1159,2020.0,9.0,2.0,24.0,13.9,5.3,0.0
1160,2020.0,9.0,3.0,25.1,17.1,4.1,0.0
1161,2020.0,9.0,4.0,25.9,16.7,3.0,0.0
1162,2020.0,9.0,5.0,28.9,19.7,2.4,0.0
1163,2020.0,9.0,6.0,30.1,21.0,2.3,0.0
1164,2020.0,9.0,7.0,26.5,20.4,4.9,0.2
1165,2020.0,9.0,8.0,25.9,17.5,2.8,0.0
1166,2020.0,9.0,9.0,28.0,18.5,2.1,0.0
1167,2020.0,9.0,10.0,27.7,19.6,3.0,0.0
1168,2020.0,9.0,11.0,27.5,19.6,2.8,0.0
1169,2020.0,9.0,12.0,29.6,20.5,3.0,0.0
1170,2020.0,9.0,13.0,30.2,22.3,2.7,0.0
1171,2020.0,9.0,14.0,30.5,22.4,3.9,0.0
1172,2020.0,9.0,15.0,30.7,22.8,3.9,0.0
1173,2020.0,9.0,16.0,30.5,23.0,2.7,0.0
1174,2020.0,9.0,17.0,30.5,19.9,3.9,0.8
1175,2020.0,9.0,18.0,23.5,17.2,3.6,0.0
1176,2020.0,9.0,19.0,23.1,16.5,2.6,0.0
1177,2020.0,9.0,20.0,25.7,16.3,4.0,0.0
1178,2020.0,9.0,21.0,26.8,17.8,4.1,0.0
1179,2020.0,9.0,22.0,28.1,18.5,4.7,0.0
1180,2020.0,9.0,23.0,26.4,19.4,2.5,1.8
1181,2020.0,9.0,24.0,24.9,18.9,2.0,1.0
1182,2020.0,9.0,25.0,21.6,18.5,5.6,9.2
1183,2020.0,9.0,26.0,18.3,11.8,7.6,10.4
1184,2020.0,9.0,27.0,16.9,9.5,6.0,0.0
1185,2020.0,9.0,28.0,19.6,13.3,6.0,8.5
1186,2020.0,9.0,29.0,17.0,13.4,6.0,0.2
1187,2020.0,9.0,30.0,16.0,11.9,6.9,0.2
